Unnamed: 0,HK1001,HK1002,HK1003,HK1004,HK1005,HK1006,HK1008,HK1009,HK1012,HK1013,HK1014,HK1015,HK1016,HK1017,HK1018,HK1019,HK1020,HK1022,HK1024,HK1026,HK1027,HK1028,HK1029,HK1030,HK1032,HK1036,HK1037,HK1038,HK1039,HK1041,HK1043,HK1044,HK1045,HK1047,HK1048,HK1052,HK1053,HK1054,HK1055,HK1056,HK1057,HK1058,HK1059,HK1060,HK1061,HK1063,HK1064,HK1065,HK1066,HK1068,HK1069,HK1070,HK1071,HK1072,HK1074,HK1077,HK1078,HK1079,HK1081,HK1083,HK1085,HK1086,HK1087,HK1088,HK1092,HK1093,HK1094,HK1095,HK1098,HK1101,HK1102,HK1104,HK1105,HK1106,CD001,CD002,CD003,CD004,CD005,CD006,CD007,CD008,CD009,CD010,CD011,CD012,CD013,CD014,CD015,CD016,CD017,CD018,CD019,CD020,CD021,CD022,CD023,CD024,CD025,CD026,CD028,CD029,CD030,CD031,CD032,CD033,CD034,CD035,CD036,CD037,CD038,CD039,CD040,CD041,CD042,CD043,CD044,CD045,CD046,CD047,CD048,CD049,CD050,CD051,CD052,CD053,CD054,CD055,CD056,CD057,CD059,CD060,CD061,CD062,CD063,CD064,CD065,CD066,CD067,CD068,CD069,CD070,CD071,CD072,CD073,CD074,CD075,CD076,CD078,CD079,CD080,CD081,CD082,CD083,CD084,CD085,CD086,CD087,CD088,CD089,CD090,CD091,CD092,CD093,CD094,CD095,CD096,CD097,CD098,CD099,CD100,CD101,CD102,CD103,CD105,CD106,CD107,CD108,CD109,CD112,CD113,CD114,CD115,CD116,CD118,CD119,CD120,CD121,CD122,CD123,CD124,CD125,CD126,CD127,CD128,CD129,CD130,CD131,CD132,CD133,CD134,CD135,CD136,CD137,CD138,CD139,CD140,CD141,CD142,CD143,CD144,CD145,CD146,CD147,CD151,CD153,CD154,CD155,CD156,CD157,CD158,CD159,CD161,CD162,CD163,CD164,CD167,CD168,CD169,CD171,CD172,CD173,CD174,CD175,CD180,CD181,CD182,CD183,CD184,ACC0147,ACC0163,ACC0048,ACC0102,ACC0034,ACC0138,ACC0096,ACC0049,MiRES012,ACC0080,ACC0032,ACC0108,ACC0097,MiRES005,ACC0265,ACC0110,ACC0192,ACC0013,ACC0114,ACC0136,MiRES011,ACC0169,MiRES003,ACC0135,ACC0066,MiRES009,MiREL020,MIRES007,ACC0009,ACC0031,MiRES004
Alistipes_putredinis,0.0006858672207102,0.0,0.0,0.0,0.0,0.0,8.77629341572667e-05,0.0089209832554859,0.0,0.0,0.0,0.0105629122408468,0.0059049884701199,0.0,0.0,0.0,0.0039960349337055,0.0,0.0011433886365053,0.0,0.0,0.0,0.0,0.0046497358203732,0.0,0.0022226039954246,0.0,0.0,0.0,0.0,0.0,0.0,0.0,0.0016318246774372,0.0012007407271155,0.0003684591583712,0.0,0.000432208375332,0.0056163185353775,0.0,0.0017259134198422,0.0038028604003953,0.0,0.0035131602873961,0.0,0.0,0.0,0.0,0.0017129080498313,0.0002528473262561,8.34140437956609e-05,0.0,0.0011241729812282,0.0003009630209767,0.0034630394369063,0.0012158249999402,0.0010576798313733,0.0015386821486946,0.0,0.0,0.0,0.0,0.0007586942947157,0.0,0.0,0.0001267596949002,0.0,1.79410377398668e-05,0.0,0.0,0.004861520289041,0.0,2.74196445519711e-05,0.0,0.0,0.0055989355424532,0.0012875583525488,0.0,0.0,0.0,0.0002171090796918,0.0,0.0,0.0,0.0,0.0,0.0,0.0,0.0053827100594444,0.0,7.1962885442833e-05,0.0,0.0,0.0,0.0055801920422308,0.0,0.0,0.0,0.0,0.0,0.0,0.0,0.0,0.0,0.0,0.0,0.0,0.0,0.0,0.0,0.0001443725725191,0.0,6.03610612638823e-05,0.0,0.0017302095323554,0.0003148827433732,0.0,0.0,0.0,0.0,0.0,0.0,0.0,0.0,0.0,0.0058087731060006,0.0,0.0,0.0,0.0,0.0,0.0001711842253469,0.0016589314279595,0.0107977328868794,0.0007022285862178,0.0001314130263485,2.90083117876821e-05,0.0068646887316667,0.0050900720115634,0.0039084608955501,0.0,0.0,0.000511117259423,0.0,0.0078318672635404,0.0,0.0,0.0,0.0,0.0030469705899627,0.0,0.0065422596636322,0.0,0.0,0.0002310381499419,0.0,0.0037549109160507,0.0,0.0,0.0,0.0,0.0,0.0,0.0,0.0007341314388745,0.0094355701735282,0.0,0.0,0.0016378874319442,0.0,0.0025682215018143,0.0005857814046871,0.0053125486343268,0.0134660450626669,0.0019943138728331,0.006002652819873,0.0,0.0,0.0,0.0,0.0,0.000207966568596,0.0,0.0012490620507406,0.0,0.0,0.0,0.0020975017233653,0.0,0.0036113448089347,2.64248491916744e-05,0.0,0.008662131795499,0.0146108945584526,0.0,0.0,0.0,0.0,0.0,0.0,0.0071785775916319,0.0017401745091596,0.0,0.0,0.0,0.0,0.0,0.0003781049959094,0.0025651891825877,0.0,0.0003113978616097,0.0,0.0,0.0,0.0153684188450378,0.0,0.0,0.0,0.0,0.0,0.0,0.0,0.0035839817507027,0.0043965993378199,0.0,0.0,0.0,0.0,0.0,0.0,0.0026603044329683,0.0037439501455618,0.0,0.0002620945652007,0.0,0.0,0.0,0.0,1.03474341575913e-05,0.0064850695949543,0.0060852311725377,0.0,0.0,0.0,0.0,9.98041118939057e-05,0.0,0.0,0.0077488721609867,0.0,8.02535776553724e-05,0.0003243871249223,0.0,0.0,0.0099625693812431,0.0,0.0,0.0,0.0,0.0038082489182321,0.0,0.0,0.0,0.0,0.0,0.0,0.0,0.0,0.0,6.73201813334587e-05
Bifidobacterium_longum,0.0,0.0,0.0,0.0,0.0,0.0,0.0,0.0,0.0,0.0,0.0,0.0,0.0,0.0,0.0,0.0,0.0,0.0,0.0,0.0,0.0,0.0,0.0,0.0,0.0,0.0,0.0,0.0,0.0,0.0,0.0,0.0,0.0,0.0,0.0,0.0,0.0,0.0,0.0,0.0,0.0,0.0,0.0,0.0,0.0,0.0,0.0,0.0,0.0,0.0,0.0,0.0,0.0,0.0,0.0,0.0,0.0,0.0,0.0,0.0,0.0,0.0,0.0,0.0,0.0,0.0,0.0,0.0,0.0,0.0,0.0,0.0,0.0,0.0,0.0,0.0,0.0,0.0026173384671675,1.20534085666436e-05,0.0,0.0053202829241379,0.0017494294702041,1.25821674138753e-05,0.0030853145293058,0.0,0.0,3.32872129474956e-06,0.0,0.0,0.0,0.0,1.0395705610313e-05,0.0,0.0098165466468676,0.000341113790227,0.0242337715817257,0.0,0.0,0.0,0.0,0.0,0.0077073287098869,0.0,0.0068368292252359,0.0,0.0144371231056488,0.0,0.0069252892640457,0.0047915106691373,0.0,0.0151929025340833,0.0003188197458014,0.0056727660057926,0.0016407402466695,0.0015244956578008,0.004447972697651,0.0031017026545472,0.0016348681680532,0.0036466274221726,0.0,0.0,0.0454765009972339,0.0083368771335742,0.0020180042894112,0.0005528872309069,0.0007366920514436,0.0,0.0016796814137851,0.0241187062311322,0.0051280966335422,0.0,0.0,0.0,0.0007954274137284,0.0103479414516333,0.0029582621524413,0.0058054415866376,0.0012803104831441,0.0024978239132378,0.0011469156168003,0.0015051885269642,0.0149650418813265,0.0028651239011505,0.0016213142211402,0.0056936895656174,0.0,0.0018791847654085,0.0,0.0075534811505368,0.0,0.0,0.0,0.0002084456721586,0.0126893689818764,0.0010680266841534,0.0151153734698612,0.0175592475131455,0.0001963198066578,0.0,0.01016713437028,0.0005765466120901,0.0035502685228137,0.0,0.0380207914565783,0.0025272443147961,4.54302069875565e-06,0.0118064441229382,0.0099867384456785,0.0301296878076029,0.0,0.0,0.0006176035301065,0.0048295997359286,0.002807875944584,0.0046722302045292,0.0010389753411769,2.48078831077937e-05,0.0357014813797841,0.0,0.0136936976245643,0.0,0.0202579078451795,0.0,0.0109633677178501,0.0,0.0,0.0029985996637491,0.0165810921328512,0.0,2.92017392362443e-06,0.0055450091955485,0.0121877346150534,0.0153739652590584,0.0019900516717919,0.0180825850405237,0.0,0.0161676591839966,0.000203834859665,0.0,0.0,0.0010280338756766,0.0042309738997447,0.0,0.0,0.0,0.0108525268614166,0.0201707202002983,8.05995550369659e-05,0.000373733545727,0.0,0.0,0.0022249044627744,0.0001456607112904,0.0006967129939082,0.0019775748615197,0.0166152996739519,0.0047952982317935,0.0007672193968099,0.0065839963248588,0.0014652227866723,0.0,0.0,0.0,0.0,0.0,0.004345036603604,0.0,0.0004298347292564,0.0001881174930169,0.0030821516955166,0.0044018757701277,0.0105584882817767,0.0265045707314284,0.0025856342838287,0.0239788550920158,0.0,5.53998369303245e-05,0.0402408743247712,0.0139168658037446,0.0,0.0,0.0,0.0,0.0,0.0,0.0,0.0,0.0,0.0,0.0,0.0,0.0,0.0,0.0,0.0,0.0,0.0,0.0,0.0,0.0,0.0,0.0,0.0,0.0,0.0,0.0,0.0,0.0,0.0,0.0
Blautia_obeum,0.0,0.0,0.0,0.0,0.0,0.0,0.0,0.0,0.0,0.0,0.0,0.0,0.0,0.0,0.0,0.0,0.0,0.0,0.0,0.0,0.0,0.0,0.0,0.0,0.0,0.0,0.0,0.0,0.0,0.0,0.0,0.0,0.0,0.0,0.0,0.0,0.0,0.0,0.0,0.0,0.0,0.0,0.0,0.0,0.0,0.0,0.0,0.0,0.0,0.0,0.0,0.0,0.0,0.0,0.0,0.0,0.0,0.0,0.0,0.0,0.0,0.0,0.0,0.0,0.0,0.0,0.0,0.0,0.0,0.0,0.0,0.0,0.0,0.0,0.0,9.40806787756378e-05,6.32299255783717e-05,0.0,0.0,0.0,0.0005391154333675,0.0,0.0,0.0,0.0,0.0,0.0,0.0,0.000308967495258,0.0,0.0001265402549022,0.0,0.0,7.20574464856268e-05,0.001856071353328,0.0001756223349944,0.0,0.0,0.0,0.0,0.0,0.0012189533498704,0.0,8.3849749850496e-05,0.0,0.0,0.0002053642215037,0.0,0.0,7.49304263960211e-05,0.0002911786766036,0.0,0.0001284513439881,0.0,0.0045884599695773,0.0006481964044135,0.0,0.0025608117345265,0.0002908793896856,0.0,0.0,0.0,0.0003892640079699,0.0,0.0009315122939757,0.0039698791872684,0.0,0.0,0.0004146250230404,0.0,0.0,0.0013401511248493,0.0,0.0013837265527398,0.0001959285659768,0.0002775391144166,8.82153498388744e-05,0.002094173730837,0.000128216327965,0.0003122066318752,0.0,0.0,0.0007103005887251,0.0013447096688146,0.0003439816329825,0.0,0.0,0.0,0.0,0.0015431800827597,0.0,0.0,0.0006165464380667,0.0,0.0,0.0049325046140988,0.0051593030075401,0.0,0.0,0.0,0.0041354514659849,0.002556815511252,0.0011526732187217,9.12156739932201e-08,2.62236545156138e-05,0.0,7.63875480895442e-05,0.0008040331634136,0.0,0.0,0.0007597510415338,0.0009383289729298,0.0036344619170105,0.0,0.0003432644599994,0.0,0.0031907459691693,0.0,0.0,0.000381528678867,0.0,2.31017816702871e-05,0.0,0.0016404661647737,0.0,0.0,0.0003706084372383,0.0003176368035542,0.0,0.0004371264787379,0.0034057570389801,0.0,0.0006042640938941,2.31095715290263e-06,0.0,0.0,0.0004165032894921,0.0,0.0,0.0,0.0001211907589284,5.40868296460223e-05,0.0,0.0,0.0,0.0021237368244688,0.0,0.0,3.6576297143762e-05,0.0,0.0027783485827465,0.0028984641044415,0.0,0.0,0.0007176502889073,0.0019418174140292,7.33865184132616e-05,0.0001304345702382,0.0,0.0002835643672919,0.0,0.0,0.0003708004403499,0.0011284775942715,0.0,0.0,0.0,0.0,0.0,0.0,0.0006053871497799,0.0014310136641197,0.0234865640664293,0.0003769555892696,3.58225990625799e-05,0.0,0.0001149474018259,0.0018494094587234,0.0020940612183059,0.0,0.0,0.0,0.0,0.0,0.0,0.0,0.0,0.0,0.0,0.0,0.0,0.0,0.0,0.0,0.0,0.0,0.0,0.0,0.0,0.0,0.0,0.0,0.0,0.0,0.0,0.0,0.0,0.0,0.0,0.0
Blautia_sp_CAG_257,0.0,0.0,0.0,0.0,0.0,0.0,0.0,0.0,0.0,0.0,0.0,0.0,0.0,0.0,0.0,0.0,0.0,0.0,0.0,0.0,0.0,0.0,0.0,0.0,0.0,0.0,0.0,0.0,0.0,0.0,0.0,0.0,0.0,0.0,0.0,0.0,0.0,0.0,0.0,0.0,0.0,0.0,0.0,0.0,0.0,0.0,0.0,0.0,0.0,0.0,0.0,0.0,0.0,0.0,0.0,0.0,0.0,0.0,0.0,0.0,0.0,0.0,0.0,0.0,0.0,0.0,0.0,0.0,0.0,0.0,0.0,0.0,0.0,0.0,0.0,0.0,0.0,0.0,1.57298396267255e-05,0.0,0.0,0.0,0.000750805797646,0.0,0.0,0.0,0.0,0.0,0.0,0.0,0.0020924471184873,0.0,0.0,6.85528374948781e-07,1.04939164339962e-05,0.0,0.0,0.0,0.0,0.0002321033336497,0.0,0.0,0.0,0.0,0.0094749381034523,8.01910735923911e-06,0.0,5.91410653678135e-06,5.04546313193944e-05,0.0,0.0002190971969522,0.0,0.0,0.0,0.0,1.48873767264208e-05,0.000683782234456,0.0,0.0,0.0,0.0,0.0,0.0001290409665024,0.0,0.0,1.40728322084927e-05,0.0,0.0,0.0,0.0,1.34761767059834e-05,4.36274169052532e-05,0.0006807316690111,2.71142617758552e-06,1.81993704777354e-05,0.0,4.85971283485439e-05,7.15871909495342e-06,0.0,0.0,0.0,0.0,0.0,9.39461146819055e-05,0.0,0.0001747890710337,0.0,0.0,5.96469930589168e-06,0.0,0.0,0.0,0.0,3.55060871096685e-05,5.38021477186179e-06,0.0,0.0,0.0,0.0008585101127708,0.0,0.0004742208467874,0.0,0.0,0.0,0.0,0.0,1.57934187672313e-06,0.0,5.4985577051901e-05,0.0,0.0,0.0,0.0,0.0,0.0,3.05309642606291e-05,0.0,0.0,0.0,0.001388746279855,0.0003774525387071,0.0,0.0,0.0,0.0048339639564655,0.0,0.0,0.0,0.0,0.0,0.0003346385653744,0.0005164918847987,2.6088285618905e-06,4.18539416094637e-05,0.0,0.0,0.0,0.0,0.0026523608481527,0.0,0.0,0.0,0.0,0.0,0.0,0.0,0.0,0.0042617728936526,0.000889330447242,0.0,0.0,0.0,0.0018664685055335,0.0,0.0,0.0,0.0044260772151994,0.0,0.0065218258407426,7.36500067125618e-06,0.0006317097923797,0.0006186036065684,0.0,0.0,0.0,0.0002961207490767,0.0032463169846466,0.0,2.92564138938512e-05,0.0,0.000856107360714,0.0,0.0,0.0,0.0,0.0085918856448903,0.0,1.97250736557237e-05,6.75650479385899e-05,0.0,0.0,0.0,0.0,0.0,0.0,0.0,0.0,0.0,0.0,0.0,0.0,0.0,0.0,0.0,0.0,0.0,0.0,0.0,0.0,0.0,0.0,0.0,0.0,0.0,0.0,0.0,0.0,0.0,0.0,0.0
Citrobacter_portucalensis,0.0,0.0,0.0,0.0,0.0,0.0,0.0,0.0,0.0,0.0,0.0,0.0,0.0,0.0,0.0,0.0,0.0,0.0,0.0,0.0,0.0,0.0,0.0,0.0,0.0,0.0,0.0,0.0,0.0,0.0,0.0,0.0,0.0,0.0,0.0,0.0,0.0,0.0,0.0,0.0,0.0,0.0,0.0,0.0,0.0,0.0,0.0,0.0,0.0,0.0,0.0,0.0,0.0,0.0,0.0,0.0,0.0,0.0,0.0,0.0,0.0,0.0,0.0,0.0,0.0,0.0,0.0,0.0,0.0,0.0,0.0,0.0,0.0,0.0,0.0,0.0,0.0,0.0,0.0,0.0,0.0,0.0,0.0,0.0,0.0,0.0,0.0,0.0,0.0,0.0,0.0,0.0,0.0,0.0,0.0,0.0,0.0,0.0,0.0,0.0,0.0,0.0,0.0,0.0,0.0,0.0,0.0,0.0,0.0,0.0,4.44681161071826e-05,0.0,0.0,7.77803714185794e-05,0.0,0.0,0.0,0.0,0.0,0.0,0.0,0.0,0.0,0.0,0.0003659421264594,0.0,0.0,0.0,0.0,1.27154121138357e-05,0.0,0.0,0.0,0.0,0.0,0.0,0.0,0.0,0.0,0.0,0.0,0.0,0.0,0.0,0.0,0.0,0.0,0.0004720404841994,0.0,0.0,0.0,0.0,0.0,0.0,0.0,0.0,0.0,0.0,0.0,0.0,0.0,0.0,0.0,0.0,0.0,0.0,0.0,0.0,0.0,0.0,0.0,0.0,0.0,0.0,0.0,0.0,0.0,0.0,0.0,0.0,0.0,0.0,0.0,0.0,0.0,0.0,0.0,0.0,0.0,0.0,0.0,0.0,1.56462882388422e-05,0.0,0.0,0.0,0.0002074201591583,0.0,0.0,0.0,3.92148601366751e-05,0.0,0.0,0.0,0.0,0.0,0.0,0.0,1.52438491842709e-05,0.0,0.0,0.0,0.0,0.0,0.0,0.0,0.0,0.0004444284433069,0.0,0.0009077661561084,0.0,0.0,0.0,0.0,0.0,0.0019666250172085,0.0,0.0,0.0,0.0,0.0,0.0,0.0,0.0,0.0,0.0,0.0,0.0,0.0,0.0,0.0,0.0,0.0,0.0,0.0,0.0,0.0,0.0,0.0,0.0,0.0,0.0,0.0,0.0,0.0,0.0,0.0,0.0,0.0,0.0,0.0,0.0,0.0,0.0,0.0,0.0,0.0,0.0,0.0,0.0
Clostridium_scindens,0.0,0.0,0.0,0.0,0.0,0.0002159574424105,2.97147997873518e-05,0.0,0.0,0.0,0.0004416019330072,0.0,0.0,0.0005090327349748,0.0,0.0004330657516438,0.0,0.0,0.0,0.0,0.0003485904360938,5.97565296697222e-05,2.52895618445059e-05,0.0,0.0,0.0,0.0029154319416573,0.0,0.0,0.0,0.0,0.0,0.0,0.0,0.0,0.0,0.0,1.86771477638933e-06,9.79970018698152e-05,0.0003192749527828,0.0,0.0,0.0,0.0,0.0002213538966951,0.0,0.0,0.0,0.0007809818952061,0.0,0.0,0.0007191695816253,0.0,0.0,0.0,0.0,0.0,2.17506840004329e-05,0.0,0.0,0.0,0.0,0.0,0.0,0.0,0.0,0.0,1.72720393815437e-05,0.0,0.0,3.72831628102729e-05,0.0,0.0,0.0,0.0,0.0,0.0,0.0,0.0,0.0,0.0,0.0,0.0,0.0,0.0,0.0,0.0,0.0,0.0,0.0,0.0,0.0,0.0,0.0,0.0,0.0,0.0,0.0,0.0,0.0,0.0,0.0,0.0,0.0,0.0,0.0,0.0,0.0,0.0,0.0,0.0,0.0,0.0,0.0,0.0,0.0,0.0,0.0,0.0,0.0,0.0,0.0,0.0,0.0,0.0,0.0,0.0,0.0,0.0,0.0,0.0,0.0,0.0,0.0,0.0,0.0,0.0,0.0,0.0,0.0,0.0,0.0,0.0,0.0,0.0,0.0,0.0,0.0,0.0,0.0,0.0,0.0,0.0,0.0,0.0,0.0,0.0,0.0,0.0,0.0,0.0,0.0,0.0,0.0,0.0,0.0,0.0,0.0,0.0,0.0,0.0,0.0,0.0,0.0,0.0,0.0,0.0,0.0,0.0,0.0,0.0,0.0,0.0,0.0,0.0,0.0,0.0,0.0,0.0,0.0,0.0,0.0,0.0,0.0,0.0,0.0,0.0,0.0,0.0,0.0,0.0,0.0,0.0,0.0,0.0,0.0,0.0,0.0,0.0,0.0,0.0,0.0,0.0,0.0,0.0,0.0,0.0,0.0,0.0,0.0,0.0,0.0,0.0,0.0,0.0,0.0,0.0,0.0,0.0,0.0,0.0,0.0,0.0,0.0,0.0,0.0,0.0,0.0,0.0,4.32794867685317e-06,0.0,0.0,0.0,0.0,0.0,0.0,0.0,0.0,0.0,0.0,0.0,0.0,0.0,0.0,0.0,0.0,0.0,0.0,4.36084871074216e-06,0.0,0.0,0.0013229493304982,0.0,0.0,0.00114536286868,0.0012913424748523,0.0,0.0,0.0,0.0
Dialister_invisus,0.0,0.0,0.0,0.0,0.0,0.0,0.0,0.0,1.55634624103473e-05,1.31581604793469e-06,0.0,8.1642610811881e-05,0.0,0.0,0.0,0.0,0.0,0.0,0.0,0.0,0.0,0.0005134723875537,0.0,0.0,1.3666773850916e-06,0.0,0.0,0.0,0.0,0.0,0.0007318864229127,0.0,0.0,0.0,0.0,0.0,0.0,1.07723024218104e-05,0.0,0.0,0.0,0.0,0.0,0.0,0.0,0.0,0.0007788948526153,0.0,0.0,0.0,0.0,3.35642064365447e-05,0.001843185917475,0.0,0.0,0.0,0.0,0.0,0.0,0.0,0.0014971871502797,3.53412414912317e-06,0.0,0.0,0.0,0.0,0.0,0.0,0.0,0.0,0.0062520415535476,0.0,0.0019586915472574,7.06679374807417e-06,0.0,0.0,2.50810979631992e-05,1.44202384310844e-05,0.0,0.0,7.65268692838021e-05,0.0001216329458693,0.0,0.0018120482489508,0.0004160190736117,0.0,0.0,0.0,0.0,0.0,0.0,0.0,0.0,0.0,7.26170547407676e-05,0.0,0.0,0.0,0.0,0.0,3.16807872419444e-05,2.31663636153207e-05,0.0012183168658677,0.0,0.0,0.0,0.0,0.0,0.0,0.0131000446008078,1.90923177731297e-05,0.0,0.0,0.0,0.0,7.56183167914501e-05,0.0,0.0,9.25912369716488e-06,0.0,0.0,1.73760896461838e-06,0.0,0.0,3.12832738163395e-06,0.0,0.0,0.0,0.0,0.0,0.0,0.0,0.0,0.0,0.0,0.0,1.39785716436957e-05,0.0,0.0,0.0,0.0,0.0,0.0,0.0,0.0,0.0,0.0,0.0,0.0,0.0,0.0,0.0,0.0,0.0,0.0,0.0,0.0,0.0015039597827661,0.0,0.0004513202466137,0.0,0.0,0.0,0.0,0.0012791673203425,0.0007629429519757,0.0,0.0,0.0,0.0028099756492568,0.0,0.0,0.0,0.0,0.0,0.0,0.0,0.0,0.0,0.0,0.0,0.0,0.0,0.0,0.0,0.0,0.0,0.0,9.62203143367035e-07,0.0,0.0,0.0,0.0,0.0,0.0,0.0052915093643214,0.0,0.0,0.0,0.0,9.33478458759148e-06,0.0,0.0,0.0,0.0,0.0,0.0,0.0,0.0,0.0,0.0,0.0,0.0,0.0,0.0006723484200827,0.0,0.0,2.55439949348785e-06,0.0,0.0,0.0,0.0,0.003624871209697,0.0,0.0,0.0,0.0,0.0,0.0,0.0,0.0,0.0,0.0,0.0,0.0,0.0,0.0,0.0,0.0,0.0,0.0,9.34049175214727e-07,0.0,0.0,0.0,0.0,1.62396157021195e-05,0.0009009959020149,0.0,0.0016143985577293,0.0,0.0,0.0,0.0,0.0,0.0,0.0,0.0,0.0,0.0,0.0003914518086589,0.0,1.9513052931073e-05,0.0,0.000247641759829,0.0,0.0,0.0,0.0,0.000187981032355
Dialister_pneumosintes,0.0,0.0,0.0,0.0,0.0,0.0,0.0,0.0,0.0,0.0,2.38374628810853e-05,3.67091757187543e-05,0.0,0.0,0.0,0.0,0.0,0.0,0.0,0.0,0.0,0.0,0.0,2.5293574602064e-05,0.0,0.0,0.0,0.0,0.0,0.0,3.90728420426869e-05,0.0,0.0,0.0,0.0,0.0,0.0,0.0015157053337822,0.0,0.0,0.0,0.0,1.6231633942649e-06,0.0,0.0,0.0,0.0,0.0,0.0,0.0,0.0,0.0,0.0,0.0,0.0,0.0,0.0,0.0,0.0,0.0,0.0,0.0,0.0,0.0,0.0,0.0,0.0,0.0,0.0,0.0,0.0,0.0,0.0,0.0,0.0,0.0,0.0002884890617328,0.0,0.0,0.0,0.0,0.0,0.0,0.0,0.0,0.0,0.0,0.0,0.0,0.0,0.0,0.0,0.0005255642747843,0.0,0.0,0.0,9.7488073230014e-05,0.0,0.0,0.0,0.0,0.0,0.0004336820241181,0.0,0.0,0.0,4.27254869241925e-07,0.0,0.0,0.0001804061149376,0.0,0.0,0.0,0.0001377336837098,0.0,0.0,0.0,0.0,1.58626274222655e-05,0.0,0.0,6.64469409754466e-06,0.0,0.0,0.0,0.0,0.0,0.0,0.0,0.0,0.0,0.0,0.0,0.0,0.0,0.0,0.0,0.0,0.0,0.0,0.0,0.0,0.0,2.68090005476768e-07,0.0,0.0,0.0,0.0,0.0,0.0,0.0,0.0,0.0,0.0,0.0,0.0,0.0,4.31832709619879e-05,0.0,0.0,0.0,0.0,0.0,0.0,0.0,5.07391842027917e-06,0.0,0.0,0.0,0.0,0.0,0.0,0.0,0.0,0.0,0.0,0.0,0.0,0.0,0.0,0.0,0.0,0.0,0.0,0.0,0.0,0.0,0.0,0.0021166178958798,0.0,0.0,0.0,0.0,0.001598505855364,0.0,0.0,0.0,0.0,0.0,0.0,0.0,0.0,0.0,0.0,0.0,0.0,0.0,0.0,0.0,0.0,0.0,0.0,0.0,0.0,0.0,0.000144491804019,0.0,0.0,0.0,0.0,0.0,0.0,0.0,0.0,0.0,0.0,0.0,0.0,0.0,6.47821084604025e-05,0.0,0.0,0.0,0.0,0.0,0.0,0.0,0.0,0.0,0.0,0.0,0.0,0.0,0.0,0.0,0.0,0.0,9.36351720397254e-05,0.0,0.0,0.0,0.0,0.0,0.0,0.0,0.0,0.0,0.0,0.0,0.0,0.0,0.0,0.0,0.0,0.0,4.82146792830728e-05,0.0,0.0,4.05293647621259e-05,0.0
Erysipelatoclostridium_ramosum,0.0,5.70725357612327e-06,7.1081829181995e-06,0.0003436141788446,4.77182937996271e-06,8.03997878339985e-05,0.0,0.0,0.0017510003159892,0.0001016373462679,0.001787633602195,0.0,4.19024241957396e-05,0.0010395892900528,0.001033213276452,0.0001452327085109,3.67062789020732e-07,0.0004611997588165,3.01386087098794e-05,1.08425179583494e-05,0.0,0.000884051018931,0.0007225377292111,4.42014038201779e-06,0.0,0.0007729035113613,0.000476148964057,4.88580876098232e-05,0.0,0.0,0.000601695510178,7.46327685959574e-05,0.0,0.0,0.0010547886226359,3.15009366819083e-05,7.96318425191099e-05,6.28295895948441e-06,3.1538745638293e-05,4.00027582273591e-06,0.0,0.0,0.0,1.22736843956315e-05,0.001634232315034,0.0,0.0,0.0023884333706592,0.0003368953126947,8.75101996651057e-05,0.0,0.0005022564957933,8.71880955712646e-06,0.0,0.0,0.0,9.53221727736965e-06,8.89088751144898e-05,0.0,0.0019064385263958,2.57249540164098e-05,0.000672684498878,0.0,0.0,0.0,0.0,0.0,0.000952714261004,6.18551297954624e-06,0.0063440437244919,4.48610454393174e-05,0.000735656189879,0.0,2.38843701842796e-05,0.0,0.0,0.0,1.01390063788151e-05,0.0,0.0,1.18408345010874e-05,0.0002853338708002,0.0011025454043192,0.0002522724592146,0.000850072911679,0.0,0.0004770124801212,0.0,0.0,0.0,5.54222002959325e-05,0.0002600981400915,0.0,0.0001870849573375,0.0,0.0,5.67224495154113e-05,0.0,0.0,0.0001760268729395,3.44028415860098e-06,1.44323753497616e-05,1.69918958712594e-05,0.0,0.0002575550462812,0.0,0.0026559457601672,6.7007972879607e-06,0.0,1.55482957092744e-05,0.0051296312713325,0.0,5.61913484903952e-06,0.0,0.0,7.64750715057512e-06,0.0014066758193989,0.0,0.0003641547107925,0.0004137817764555,0.00562394582693,0.0008638661727045,0.0004286876536286,0.0,3.93820429194072e-06,0.0,0.0003583065389129,3.83072021544664e-05,0.0,0.0001295153979448,0.0002008112824837,0.0,0.0003609580282043,0.0,1.45319728401771e-05,0.0,3.23768664130268e-05,0.0,3.09767999217051e-06,1.28999090399829e-05,0.0,0.0003894866526333,0.0,0.0005135290567847,7.60308198851059e-05,0.0003568237832829,0.0,3.37256317965613e-05,4.80720299061046e-07,4.24413144853201e-05,0.0012966252025606,1.24812825394143e-05,0.0,0.0003691545021439,0.0010867925043358,0.0001019823186426,0.0,0.0,0.0043672980448806,0.0002493841122934,0.000477395312589,0.0002862549314111,0.0,0.0009313090696166,6.33665759927972e-06,0.0008196732089048,0.0,0.0,5.37865427981728e-07,0.0,0.0,0.0,0.0,0.0004879264986556,0.0,0.0002300634475814,6.56356820602649e-05,8.09475838721984e-05,0.000346256469186,3.61026410983973e-05,0.0010510132166887,0.0007714458832207,0.0,2.55371828916929e-05,0.0031319742680611,0.0020363883039431,0.0,1.44774134871961e-05,0.0,0.0,8.80883073337776e-06,1.57259027091136e-05,7.36789903148156e-06,5.31442828591812e-05,1.7578638911922e-05,0.0011547668080904,0.0,6.67566865884718e-06,0.0011672001911407,9.91884446132705e-05,0.0025549717330344,0.0,0.0059569686757127,1.99066308807147e-05,0.0028405118845094,0.0,0.0,1.54810815318668e-05,0.0008835892358724,0.0003495287803928,0.0002440699384301,0.0,6.79692446861424e-05,0.001666360784258,0.0,0.0,2.99207176231655e-06,0.0,0.0,0.0,4.07041452342542e-05,3.10818895982548e-05,0.0,0.0,0.0001090232428386,0.0014348659289969,0.0001185924401165,0.0,0.0,0.00230470562965,0.0070755315168157,0.0,0.0002941705143516,0.0005294101908727,7.92458328796761e-06,0.0004625249153961,0.0,0.0004836715667012,0.0008526414600354,9.8966277218953e-05,0.0004973649948335,0.0,0.0014511269247378,6.91956545743205e-06,8.09536836815094e-06,2.70506311206238e-06,0.0069124962622319,1.52586961521946e-05,1.29081842963294e-05,0.0,0.0007011682811587,0.0,0.001020868363408,0.0003235053472939,0.0,0.0,0.0001037792172306,2.38650656372546e-05,0.0002163358152785,6.45523586936539e-06,0.0001849748180095,0.0002762206722435,0.0007415050527724,7.33737726603913e-05,0.0004655657289807,1.65509583031877e-05,0.0009427099089154,0.0,8.45156156420373e-05,0.0001636324007529
Escherichia_coli,0.0,0.0234227704304208,0.0013953252389906,0.0008379825224867,0.0009388582184041,0.0018683050542162,0.0207914942137667,0.0,0.011031339848922,0.0009885436410539,0.0252292754396727,0.0042191493895441,2.71363089764067e-05,0.0191239530281554,0.0079195754357814,0.0006606298964781,0.0001743978980564,0.0627810579615431,0.0027760032184086,0.0293255349447954,0.0006638485170524,0.0002293340303069,0.0021751819284593,3.80049680493533e-05,0.0361902343029929,3.08827546545845e-05,0.0123985792301266,0.005548375388538,1.92112734106772e-05,0.0169926823153448,0.0800883261283376,0.0086222018964798,0.0025329015164053,0.0022001569625069,0.0012650859895032,0.0009030544692393,0.0020317968441087,2.80426653062532e-05,1.06920124146732e-05,9.34756177178469e-05,0.0228145842960409,0.0016390043553357,0.0,0.0,0.0037815330995316,0.000554318401418,0.0018392170460281,0.0025383276725174,0.0004760632681869,0.0019935990936462,2.91948122539058e-05,0.0068194814363206,0.0067867912655779,0.0038893582126469,0.0078360389068262,0.0076770675148987,0.0173737850587374,0.0010747793057399,6.49812872113786e-05,0.0076624834618331,0.041853295259581,0.0029956096648664,0.0001014351475341,0.0174610997270747,5.68418935926453e-05,0.0034041061198226,0.0009975927399939,0.0015548920579188,0.0133617661976724,0.0467721114425561,0.0,0.0260743394953258,0.0005178421982582,2.29209422433366e-06,0.0426493564744322,0.0035678442366796,0.0009335905981891,0.0,0.0014610902217245,0.0,0.0003964263451212,0.0032113549930282,0.0219484349999791,0.0005961645890171,0.0053196567779103,0.0003899487894529,0.016316383598749,0.0014631297969947,0.0018538023920526,0.0004283354468515,0.0015539965622384,0.0706429431236562,0.0255393604049349,0.0002360984526445,8.28921079681562e-05,0.0,0.0007791567341335,0.0408271860281855,0.0711507051696057,0.030403626356037,0.0069899678108912,0.0018814061585311,0.0787563681072821,0.0,0.000486395925785,0.0,0.0006248102816059,0.0028911770250951,2.2079375609922e-05,0.0,0.0040171887300922,0.017771818065473,0.0048957443353542,0.0997499686822992,0.0001935678452902,0.0134064365845524,0.0002941573577597,0.0021790440731722,0.0010603685153859,0.0053878455607271,0.0871575597523394,0.0107388306418467,0.0,0.104729812685326,0.0200637922333977,0.0002174195548415,2.65480868748853e-05,0.0050354971602346,0.0,0.0232672371776443,0.0276919816712142,0.0142709734010213,0.0231586094629252,0.0007858917347784,0.0002483355316514,0.0019441872151246,0.0046662246624733,0.0012594537347734,0.0017691437983268,2.09840367577229e-05,0.0062038706466768,4.67499772230575e-05,6.65612293377558e-05,0.000934000141832,0.005589204749156,0.0152714214390109,0.0031980958123439,0.0509790261939802,3.77544322248574e-05,8.95171079449609e-05,6.67734236941073e-05,0.0012995906116693,0.0002452457795775,1.29782711753441e-05,4.16302571620014e-05,0.001015550020746,0.0004515743118281,0.0149414843587226,0.0305352037774087,0.067277648248923,0.0040803759955809,0.0085845139581615,0.0126339139099825,0.0071143778835091,5.85629869805236e-05,0.0133029569199769,1.53788762786216e-05,0.0001136189781656,4.06583543495919e-05,0.0796042275467416,0.0026591594634934,8.59684563572727e-05,0.0034222775960458,0.0004691826235074,0.0004685162658199,0.0065252726394322,0.0050873305263439,0.0021856726160275,0.0820772385066546,2.80642054738985e-05,0.0716461888648578,0.0001149900396566,0.111765949849149,0.0013294512429226,0.0130466663638876,8.41003305312684e-06,0.0017715620595844,8.52137302511596e-05,0.0076860720301525,0.0074299620909143,0.0005263350541427,2.17852339227322e-05,0.0055436245653304,0.0033097376926699,0.0090155794027008,0.0424491450866771,0.0061768542931796,0.0029230968297878,0.0225391046907388,0.0012937290678388,0.0237313779302001,0.0001599443301145,0.0048857592161842,0.0503445123603949,0.0246612611817588,0.0064286495686902,0.0002840071599052,5.85695993700446e-05,0.0473817458435125,0.0085773510171107,0.0258739130417463,3.05148062391322e-05,0.121512977859678,0.0169358901660167,0.0007120177505819,0.0006641299387527,0.0085317770210142,0.017604598287978,0.0110451856586888,0.0170576402229293,0.0001688674102114,0.0001756609788778,0.0258797251441165,0.037109203872521,0.0588788122611422,0.0118283392508686,0.0721008732909049,0.005701942862552,0.0,0.0107508612769437,0.0082777023455734,0.0007145017089395,0.0,0.0024049895364141,3.84807038724717e-06,0.0,0.0062546976242011,0.0001986795798546,0.0003058035284939,0.0004403814574468,1.34190518730547e-05,0.0028303818759854,0.0084436893387877,0.0625342932627952,0.0005004654739968,0.0444735938995529,0.0054488935591107,0.0004787868387313,3.91027182377804e-05,0.000401108751273,6.70957455400187e-05,0.02211648328103,0.0067817437626994,0.0038266397618868,0.0,0.0813547121063821,7.06750649544245e-06,0.0010533102342268,0.0,0.0002452290032822,0.0273034454328653,0.0008572588446513,0.0209007498042481,0.0059156051050638,0.0053096549110611,0.0028966536899194,0.0024006681826055,0.0003319168327415,0.0063530332996708,0.0168028913566927
Eubacterium_rectale,0.0,0.0,0.0,0.0,0.0,0.0,0.0,0.0,0.0,0.0,0.0,0.0,0.0,0.0,0.0,0.0,0.0,0.0,0.0,0.0,0.0,0.0,0.0,0.0,0.0,0.0,0.0,0.0,0.0,0.0,0.0,0.0,0.0,0.0,0.0,0.0,0.0,0.0,0.0,0.0,0.0,0.0,0.0,0.0,0.0,0.0,0.0,0.0,0.0,0.0,0.0,0.0,0.0,0.0,0.0,0.0,0.0,0.0,0.0,0.0,0.0,0.0,0.0,0.0,0.0,0.0,0.0,0.0,0.0,0.0,0.0,0.0,0.0,0.0,0.0,0.0,0.0,0.0,0.0054793729470734,0.0,0.0,0.0,0.0,0.0001588834181585,0.0,0.0014451158404208,0.0,0.0,0.0,0.0,0.0,0.0,0.0,0.0,0.0,0.0333788376432083,0.0,0.0,0.0,0.0,0.0,0.0076112948769726,0.0,0.0042940498855127,0.0,0.0,0.0,0.0020609609284216,0.0,0.0009896680086429,0.0,0.0019423198022333,0.0071004631867978,0.0,0.0250705576606901,0.0020122334394052,0.0,0.0,0.0042800486968696,0.0,0.0,0.0003244248899101,0.0284708489702527,0.0,0.0006820526014713,0.000946451395826,0.0,0.0010779232984989,0.0131741585157092,7.24204789656103e-05,0.0,0.0,0.0,0.0011856040922719,0.0,0.0097715705865985,0.0,0.0118304907711894,6.72558469570766e-05,0.0001873433798936,0.0,0.0,0.0120618575067663,0.0005240072794618,0.0,0.0,0.0,0.0,0.0,0.0,0.0,0.0,0.0110941256357493,0.0,0.0,0.0,0.0007526179290785,0.0,0.0,0.0,0.0137926395730704,0.0056179309718419,0.0060005345941489,0.0034636639734207,0.0,0.0,0.0,0.0,0.0,0.0,0.0112632797753502,0.0198301437403181,0.003184800159417,0.0,0.0006807314975238,0.0,0.0030928634602246,7.22925257375836e-05,0.0,0.0030210900391757,0.0,0.0,0.0,0.0008798716619148,0.0,0.0033244882536789,0.0024598626298608,0.0,0.0,0.0011130787843356,0.0312984437517231,0.0,0.0,0.0,0.0005173842338675,0.0,0.0,0.0,0.0,0.0,0.0,0.0,0.0,0.006323073900931,0.0,0.0051333457313136,0.0,0.0011475540512923,6.97043339749718e-05,0.0,0.0,0.0068804172302766,0.0,0.0,0.0,0.0028832963485253,0.0,0.0,0.0,0.0,0.0,0.0,0.0,0.0003201392352584,0.0,0.0,0.0,0.0,0.0273676342692946,0.0,0.0,0.0074870573845768,0.0,0.0003846115695821,0.0081335471389424,0.0,5.45303027362813e-05,0.0,0.0,0.0,0.0,0.0,0.0,0.0,0.0,0.0,0.0,0.0,0.0,0.0,0.0,0.0,0.0,0.0,0.0,0.0,0.0,0.0,0.0,0.0,0.0,0.0,0.0,0.0,0.0,0.0,0.0,0.0,0.0,0.0
Eubacterium_sp_CAG_180,0.0,0.0,0.0,0.0,0.0,0.0,0.0,0.0,0.0,0.0,0.0,0.0,0.0,0.0,0.0,0.0,0.0,0.0,0.0,0.0,0.0,0.0,0.0,0.0,0.0,0.0,0.0,0.0,0.0,0.0,0.0,0.0,0.0,0.0,0.0,0.0,0.0,0.0,0.0,0.0,0.0,0.0,0.0,0.0,0.0,0.0,0.0,0.0,0.0,0.0,0.0,0.0,0.0,0.0,0.0,0.0,0.0,0.0,0.0,0.0,0.0,0.0,0.0,0.0,0.0,0.0,0.0,0.0,0.0,0.0,0.0,0.0,0.0,0.0,0.0,0.0,0.0,0.0,0.0,0.0,0.0,0.0,0.0,0.0,0.0,0.0,0.0,0.0,0.041845338503368,0.0,0.0,0.0,0.0,0.0,0.0,0.0,0.0,0.0,0.0,0.0,0.0,0.0,0.0,0.0,0.0,0.0,0.0,0.0,0.0,0.0115097381660771,0.0,0.0,0.0,0.0,1.43696323747252e-06,0.0,0.0,0.0,0.0249957081757425,0.0,0.0,0.0,0.0,0.0,0.0,0.0,0.0,0.0,0.0,0.0,0.0,0.0200541145325561,0.0,0.0123049798391969,0.0,0.0,0.0,0.0,0.0,0.0,0.0,0.0,3.95406860782554e-06,0.0,0.0,0.0,0.0,0.0,0.0,0.0,0.0,0.0024634783453679,0.0318674377540736,0.0,7.1474429110274e-05,0.0,0.0,0.0,0.0,0.0,0.0339097094457775,0.0171679661305493,0.0,0.0,0.0,0.0,0.0,0.0,0.0,0.0,0.0,0.0001463005319294,0.0,0.0,3.7670108166448e-05,0.0,0.0,0.0,0.0,0.0,0.0,0.0025569576116062,0.0,0.0,0.0,0.0,0.0,0.0,0.0,0.0,0.0,0.0244789412530978,0.0,0.0,0.0,0.0,0.0012011701148544,0.0035046573285745,0.0,0.0,0.0,0.0196496202062306,0.0,0.0,0.0,0.0,0.0,0.0,0.0,0.0,0.0,0.0,0.0,0.0,0.0,0.0188189009227392,0.0,0.0,0.0,0.0,0.0,0.0,0.0,0.016580278711088,0.0,0.0,0.0,0.0,0.0,0.0,0.0,0.0,0.0,0.0,0.0,0.0,0.0,0.0,0.0,0.0,0.0,0.0,0.0,0.0,0.0,0.0,0.0,0.0,0.0,0.0,0.0,0.0,0.0,0.0,0.0,0.0,0.0,0.0,0.0,0.0,0.0,0.0,0.0,0.0,0.0,0.0,0.0,0.0,0.0,0.0
Faecalicoccus_pleomorphus,0.0,0.0,0.0,0.0,0.0,0.0,0.0,0.0020188729204191,0.0,0.0,0.0,0.0,0.0,0.0,0.0,0.0,0.0,0.0,0.0,0.0,0.0,0.0,0.0,0.0,0.0,0.0,0.0,0.0,0.0,0.0,0.0,0.0,0.0,0.0,0.0,0.0,0.0,0.0,0.0,0.0,0.0,0.0,0.0,0.0,0.0,0.0,0.0,0.0,2.90485938266908e-05,0.0005194020716604,0.0,0.0,0.0,0.0,0.0,0.0,0.0,0.0,6.14951313323717e-06,0.0,0.0,0.0,0.0,0.0,0.0,0.0,0.0,0.0,0.0,0.0,0.0,0.0,0.0,0.0,0.0,0.0,0.0,0.0,0.0,0.0,0.0,0.0,0.0,0.0,0.0,0.0,0.0,0.0,0.0,0.0,0.0,0.0,0.0,0.0,0.0,0.0,0.0,0.0,0.0,0.0,0.0,0.0,0.0,0.0,0.0,0.0,0.0,0.0,0.0,0.0,0.0,0.0,0.0,0.0,0.0,0.0,0.0,0.0,0.0,0.0,0.0,0.0,0.0,0.0,0.0,0.0,0.0,0.0,0.0,0.0,0.0,0.0,0.0,0.0,0.000379178674436,0.0,0.0,0.0,0.0,0.0,0.0,0.0,0.0,0.0,0.0,0.0,0.0,0.0,0.0,0.0,0.0,0.0,0.0,0.0,0.0,0.0,0.0,0.0,0.0,0.0,0.0,0.0,0.0,0.0,0.0,0.0,0.0,0.0,0.0,0.0,0.0,0.0,0.000319954229958,0.0,0.0,0.0,0.0,0.0,0.0,0.0,0.0,0.0,0.0,0.0,0.0,0.0,0.0,0.0,0.0,0.0,0.0,0.0,0.0,0.0001646072593142,0.0,0.0,0.0,0.0,0.0,0.0,0.0,0.0,0.0,0.0,0.0,0.0,0.0,0.0,0.0,0.0,0.0,0.0,0.0,0.0,0.0,0.0,0.0,0.0,0.0,0.0,0.0,0.0,0.0,0.0,0.0,0.0,0.0,0.0,0.0,0.0,0.0,0.0001213299423965,0.0,0.0,0.0,0.0,0.0,0.0,0.0,0.0,0.0,0.0,0.0,0.0,0.0,0.0,0.0,0.0,0.0,0.0,0.0,0.0,0.0,0.0,0.0,0.0,0.0,0.0,0.0,0.000173938041975,0.0,0.0,0.0,0.0,0.0,0.0,0.0,0.0,0.0,0.0
GGB3490_SGB4664,0.0,0.0,0.0,0.0,0.0,0.0,0.0,0.0,0.0,0.0,0.0,0.0,0.0,0.0,0.0,0.0,0.0,0.0,7.96531840491162e-05,0.0,0.0,0.0,0.0,0.0,0.0,0.0,0.0,0.0,0.0,0.0,0.0,0.0,0.0,0.0,0.0,0.0,0.0,0.0,0.0,0.0007421399623187,0.0,1.45580502100297e-05,0.0,0.0,0.0,5.0553248849171e-05,0.0,0.0,0.0,0.0,0.0,0.0008535504970566,0.0,0.0,0.0,0.0,0.0,0.0,0.0,0.0,0.0,0.0025755221277367,0.0,0.0,0.0,0.0,0.0,0.0,0.0,0.0,0.0,0.0,0.0,0.0,0.0,0.0,0.0,0.0,0.0,0.0,0.0,0.0,0.0,0.0,0.0,0.0,0.0,0.0,0.0,0.0,0.0,0.0,0.0,0.0,0.0,0.0,0.0,0.0,0.0,0.0,0.0,0.0,0.0,0.0,0.0,0.0,0.0,0.0,0.0,0.0,0.0,0.0,0.0,0.0,0.0,0.0,0.0,0.0,0.0,0.0,0.0,0.0,0.0,0.0,0.0,0.0,0.0,0.0,0.0,0.0,0.0,0.0,0.0,0.0,0.0,0.0,0.0,0.0,0.0,0.0,0.0,0.0,0.0,0.0,0.0,0.0,0.0,0.0,0.0,0.0,0.0,0.0,0.0,0.0,0.0,0.0,0.0,0.0,0.0,0.0,0.0,0.0,0.0,0.0,0.0,0.0,0.0,0.0,0.0,0.0,0.0,0.0,0.0,0.0,0.0,0.0,0.0,0.0,0.0,0.0,0.0,0.0,0.0,0.0,0.0,0.0,0.0,0.0,0.0,0.0,0.0,0.0,0.0,0.0,0.0,0.0,0.0,0.0,0.0,0.0,0.0,0.0,0.0,0.0,0.0,0.0,0.0,0.0,0.0,0.0,0.0,0.0,0.0,0.0,0.0,0.0,0.0,0.0,0.0,0.0,0.0,0.0,0.0,0.0,0.0,0.0,0.0,0.0,0.0,0.0,0.0,0.0,0.0,0.0,0.0,0.0,0.0,0.0,0.0,0.0,0.0,0.0004384630396058,0.0001597102086649,0.0,0.0007209099169094,0.0,0.0,0.0,0.0,0.0,0.0,0.0,0.0,9.49505087410211e-05,0.0,0.0,0.0,0.0,0.0,0.0,0.0,0.0,0.0,0.0,0.0,0.0,0.0,0.0001129682218709,0.0,0.0
GGB47687_SGB2286,0.0,0.0,0.0,0.0,0.0,0.0,0.0,0.0001589349895655,0.0,0.0,0.0,0.0,0.0,0.0,0.0,0.0,0.0,0.0,0.0,0.0,0.001404897622596,0.0,0.0,0.0,0.0,0.0,0.0,0.0,0.0,0.0,0.0,0.0,0.0,0.0,0.0,0.0,0.0,0.0,0.0,0.0,0.0,0.0,0.0,0.0,0.0,0.0,0.0001335873017444,0.0,0.0,0.0,0.0,0.0,0.0,0.0,0.0,0.0,0.0,0.0,0.0,0.0,0.0,0.0,0.0,0.0,0.0,0.0,0.0,0.0,0.0,0.0,0.0,0.0,0.0003999453563034,0.0,0.0,0.0,0.0,0.0,0.0,0.0,0.0,0.0,0.0,0.0,0.0,0.0,0.0,0.0,0.0,0.0,0.0,0.0,0.0,0.0,0.0,0.0,0.0,0.0,0.0,0.0,0.0,0.0,0.0,0.0,0.0,0.0,0.0,0.0,0.0,0.0,0.0,0.0,0.0,0.0,0.0,0.0,0.0,0.0,0.0,0.0,0.0,0.0,0.0,0.0,0.0,0.0,0.0,0.0,0.0,0.0,0.0,0.0,0.0,0.0,0.0,0.0,0.0,0.0,0.0,0.0,0.0,0.0,0.0,0.0,0.0,0.0,0.0,0.0,0.0,0.0,0.0,0.0,0.0,0.0,0.0,0.0,0.0,0.0,0.0,0.0,0.0,0.0,0.0,0.0,0.0,0.0,0.0,0.0,0.0,0.0,0.0,0.0,0.0,0.0,0.0,0.0,0.0,0.0,0.0,0.0,0.0,0.0,0.0,0.0,0.0,0.0,0.0,0.0,0.0,0.0,0.0,0.0,0.0,0.0,0.0,0.0,0.0,0.0,0.0,0.0,0.0,0.0,0.0,0.0,0.0,0.0,0.0,0.0,0.0,0.0,0.0,0.0,0.0,0.0,0.0,0.0,0.0,0.0,0.0,0.0,0.0,0.0,0.0,0.0,0.0,0.0,0.0,0.0,0.0,0.0,0.0,0.0,0.0,0.0,0.0,0.0,0.0,0.0,0.0,0.0,0.0,0.0,0.0,0.0,0.0,0.0,0.0,0.0,0.0,0.0,0.0,0.0,0.0,0.0,0.0,0.0,0.0,0.0,0.0,0.0,0.0,0.0,0.0,0.0,0.0,0.0,0.0,0.0,0.0,0.0
GGB79734_SGB15291,0.0,0.0003385358512414,0.0,0.0,0.0,0.0,0.0026370603887391,0.0,0.0,0.0,0.0,0.0,0.0010090960129902,0.0,0.0,0.0,0.0,0.0,0.0,0.0,0.0,0.0,0.0,0.0,0.0,0.0,0.0,0.0,0.0,0.0,0.0,0.0,0.0,0.0,0.0,0.0,0.0,0.0,0.0,0.0,0.0013735933427757,0.0009967016326345,0.0,0.0003383082493985,0.0,0.0033746806700379,0.0,0.0,0.0,0.0,0.0,0.0,0.0,0.0006027416788945,6.94623486669763e-06,0.0,0.0030426759307379,0.0,0.0,0.0,0.0,0.0,0.0007929970345172,0.0,0.0,0.0001158009797313,0.0,0.0,0.0,0.0,0.0,0.0,0.0,0.0,0.0,0.0,0.0,0.0,0.0,0.0,0.0,0.0,0.0,0.0,0.0,0.0,0.0,0.0,0.0,0.0,0.0,0.0,0.0,0.0,0.0,0.0,0.0,0.0,0.0,0.0,0.0,0.0,0.0,0.0,0.0,0.0,0.0,0.0,0.0,0.0,0.0,0.0,0.0,0.0,0.0,0.0,0.0,0.0,0.0,0.0,0.0,0.0,0.0,0.0,0.0,0.0,0.0,0.0,0.0,0.0,0.0,0.0,0.0,0.0,0.0,0.0,0.0,0.0,0.0,0.0,0.0,0.0,0.0,0.0,0.0,0.0,0.0,0.0,0.0,0.0,0.0,0.0,0.0,0.0,0.0,0.0,0.0,0.0,0.0,0.0,0.0,0.0,0.0,0.0,0.0,0.0,0.0,0.0,0.0,0.0,0.0,0.0,0.0,0.0,0.0,0.0,0.0,0.0,0.0,0.0,0.0,0.0,0.0,0.0,0.0,0.0,0.0,0.0,0.0,0.0,0.0,0.0,0.0,0.0,0.0,0.0,0.0,0.0,0.0,0.0,0.0,0.0,0.0,0.0,0.0,0.0,0.0,0.0,0.0,0.0,0.0,0.0,0.0,0.0,0.0,0.0,0.0,0.0,0.0,0.0,0.0,0.0,0.0,0.0,0.0,0.0,0.0,0.0,0.0,0.0,0.0,0.0,0.0,0.0,0.0,0.0,0.0,0.0,0.0,0.0,0.0,0.0,0.0,0.0,0.0007269179873427,0.0,0.0,0.0,0.0,0.0,0.0,0.0,0.0,0.0,0.0,0.0,0.0,0.0,0.0,0.0,0.0,0.0,0.0,0.0,0.0,0.0,0.0,0.0,0.0,0.0
GGB9342_SGB14306,0.0,0.0,0.0,0.0,0.0,0.0,0.0,0.0,0.0,0.0,0.0,0.0004627698449603,3.97483026337611e-06,0.0,0.0,0.0,1.89870113108085e-05,0.0,0.0,0.0,0.0,0.0,0.0,0.0,0.0,0.0,0.0,0.0,0.0,0.0,0.0,0.0,0.0,0.0,0.0,0.0,0.0,0.0,0.0,0.0,0.0,0.0,0.0,0.0,0.0,0.0,0.0,0.0,0.0,0.0,0.0,0.0,0.0,0.0,0.0054332346747532,0.0,0.0,0.0,0.0,0.0,0.0,0.0,0.0,0.0,0.0,0.0,0.0,0.0,0.0,0.0,0.0,0.0,0.0,0.0,0.0,0.0,0.0,0.0,0.0,0.0,0.0,0.0,0.0,0.0,0.0,0.0,0.0,0.0,0.0,0.0,0.0,0.0,0.0,0.0,0.0,0.0,0.0,0.0,0.0,0.0,0.0,0.0,0.0,0.0,0.0,0.0,0.0,0.0,0.0,0.0,0.0,0.0,0.0,0.0,0.0,0.0,0.0,0.0,0.0,0.0,0.0,0.0,0.0,0.0,0.0,0.0,0.0,0.0,0.0,0.0,0.0,0.0,0.0,0.0,0.0,0.0,0.0,0.0,0.0,0.0,0.0,0.0,0.0,0.0,0.0,0.0,0.0,0.0,0.0,0.0,0.0,0.0,0.0,0.0,0.0,0.0,0.0,0.0,0.0,0.0,0.0,0.0,0.0,0.0,0.0,0.0,0.0,0.0,0.0,0.0,0.0,0.0,0.0,0.0,0.0,0.0,0.0,0.0,0.0,0.0,0.0,0.0,0.0,0.0,0.0,0.0,0.0,0.0,0.0,0.0,0.0,0.0,0.0,0.0,0.0,0.0,0.0,0.0,0.0,0.0,0.0,0.0,0.0,0.0,0.0,0.0,0.0,0.0,0.0,0.0,0.0,0.0,0.0,0.0,0.0,0.0,0.0,0.0,0.0,0.0,0.0,0.0,0.0,0.0,0.0,0.0,0.0,0.0,0.0,0.0,0.0,0.0,0.0,0.0,0.0,0.0,0.0,0.0,0.0,9.60051722174679e-05,0.0,0.0,0.0,0.0,0.0,0.0,0.0,0.0,0.0,0.0,0.0,0.0,0.0,0.0,0.0,0.0,0.0,0.0,0.0,0.0,0.0,0.0,0.0,0.0,0.0,0.0,0.0,0.0,0.0,0.0
Gemmiger_formicilis,0.0,0.0,0.0,0.0,0.0,0.0,0.0,0.0,0.0,0.0,0.0,0.0,0.0,0.0,0.0,0.0,0.0,0.0,0.0,0.0,0.0,0.0,0.0,0.0,0.0,0.0,0.0,0.0,0.0,0.0,0.0,0.0,0.0,0.0,0.0,0.0,0.0,0.0,0.0,0.0,0.0,0.0,0.0,0.0,0.0,0.0,0.0,0.0,0.0,0.0,0.0,0.0,0.0,0.0,0.0,0.0,0.0,0.0,0.0,0.0,0.0,0.0,0.0,0.0,0.0,0.0,0.0,0.0,0.0,0.0,0.0,0.0,0.0,0.0,0.0,0.0,0.0,0.0,0.0,0.0,0.0,0.0,0.0,0.0,0.0,0.0,0.0,0.0,0.0,0.0,9.81080472759286e-06,0.0,0.0,0.0,0.0,0.0,0.0,0.0,0.0,0.0,0.0,8.10947199129191e-06,0.0,0.0,0.0,0.0,0.0,0.0,0.0,0.0,0.0,0.0,0.0,0.0,0.0007309113187719,0.0004404626953588,0.0,0.0,0.0,0.0,0.0,0.0,0.0,0.0,2.5174165081678e-07,0.0,0.0,0.0,4.18237785289002e-06,0.0,0.0,0.0,0.0,7.86775289214413e-05,0.0,7.0734363276869e-05,0.0,0.0,5.43536616360517e-05,0.0001074787802937,0.0,0.0,0.0,0.0,0.0,0.0,0.0,0.0,0.0,0.0,0.0,0.0,0.0,0.0,0.0,0.0,0.0,0.0,0.0,0.0,0.0,0.0011894404392622,0.0,0.0047677829552608,0.0,0.0,0.0,3.67350990404706e-05,0.0,0.0,0.0,0.0,0.0,0.0,0.0,0.0,0.0,0.0,0.0,0.0,0.0,0.0,0.0,0.0,0.0,0.0,1.17980840123712e-05,0.0,0.0,1.235349729648e-05,0.0,0.0,9.52983783346115e-05,0.0,0.0,0.0,0.0,0.0,0.0,0.0,5.68799743748182e-05,0.0022865953899348,0.0,0.0,0.0,0.0003031872423628,0.0,0.0,2.46552232840464e-05,0.0,0.0,8.09354026205472e-05,0.0,0.0,0.0,0.0009968334774373,0.0,0.0,0.0,0.0,0.0,0.0,0.0,0.0007913677090847,0.0,0.0,0.0,0.0,0.0,0.0,0.0,0.0,0.0,0.0001697188664657,5.3649080425242e-06,0.0,5.55240561009021e-05,0.0,0.0,0.0,0.0,0.0,0.0,0.0,0.0,0.0,0.0,0.0,0.0,0.0,0.0,0.0,0.0,0.0,0.0,0.0,0.0,0.0,0.0,0.0,0.0,0.0,0.0,0.0,0.0,0.0,0.0,0.0,0.0,0.0
Lachnospira_pectinoschiza,0.0,0.0,0.0,0.0,0.0,0.0,0.0,0.0,0.0,0.0,0.0,0.0,0.0,0.0,0.0,0.0,0.0,0.0,0.0,0.0,0.0,0.0,0.0,0.0,0.0,0.0,0.0,0.0,0.0,0.0,0.0,0.0,0.0,0.0,0.0,0.0,0.0,0.0,0.0,0.0,0.0,0.0,0.0,0.0,0.0,0.0,0.0,0.0,0.0,0.0,0.0,0.0,0.0,0.0,0.0,0.0,0.0,0.0,0.0,0.0,0.0,0.0,0.0,0.0,0.0,0.0,0.0,0.0,0.0,0.0,0.0,0.0,0.0,0.0,0.0,0.0,0.0,0.0,0.0,0.0,0.0,0.0,0.0,0.0004146300706013,0.0,0.0,0.0,0.0,9.08722996578559e-05,0.0,0.0,0.0,0.0,0.0,0.0,0.0,0.0,0.0,0.0,2.0230473930417e-05,0.0,0.0,0.0,0.0002806865917812,0.0,0.0001014437887973,0.0,3.3897535898489e-05,0.0,8.97274598468809e-05,0.0,0.0,0.0008961110652546,0.0,0.0,0.0,6.50222450910284e-07,0.0,0.0,0.0,0.0,0.0,0.0,0.0,0.0002921618508856,0.0,3.65281808153626e-05,0.0,0.0,0.0,0.0,0.0001777741440345,0.0,5.70785642721913e-06,0.0,0.0,0.0,0.0,0.0,0.0,0.0,0.0,0.0,0.0,0.0,0.0,0.0,0.0036815058736888,0.0,0.0,0.0,0.0,0.0033826296201693,0.0,0.0,0.0,0.0,0.0,0.0,0.0,0.0,0.0,0.0,0.0,0.0,2.93757123949633e-05,0.0003777677380056,0.0002460615005937,0.0,0.0,0.0,0.0016423225866149,0.0,0.0,0.0,0.0,0.0,0.0,0.0,0.0,0.0,0.0,0.0040610414305282,0.0,0.0,0.0,0.0001014500786424,0.0,0.0,0.0,0.0,0.0,0.0,0.0,0.0012857337650223,0.0,0.0,0.0,0.0,0.0,0.0,0.0,0.0,0.0,0.0,1.12068628191104e-06,0.0,0.0,0.0,0.0,0.0,0.0,0.0,0.0,8.05878794391212e-05,0.0,0.0,0.0,0.0,0.0,0.0,0.0,0.0,0.0,0.0,0.0,0.0,0.0,0.0,0.0,0.0,0.0,0.0,0.0,0.0,0.0,4.85833099448782e-05,0.0,0.0,0.0,0.0,0.0,0.0,0.0,0.0,0.0,0.0,0.0,0.0,0.0,0.0,0.0,0.0,0.0,0.0,0.0,0.0,0.0,0.0,0.0,0.0,0.0,0.0,0.0,0.0,0.0,0.0,0.0,0.0,0.0
Lactobacillus_farciminis,0.0,0.0,0.0,0.0,0.0,0.0,0.0,0.0,0.0,0.0,0.0,0.0,0.0,0.0,0.0,0.0,0.0,0.0,0.0,0.0,0.0,0.0,0.0,0.0,0.0,0.0,0.0,0.0,0.0,0.0,0.0,0.0,0.0,0.0,0.0,0.0,0.0,0.0,0.0,0.0,0.0,0.0,0.0,0.0,0.0,0.0,0.0,0.0,0.0,0.0,0.0,0.0,0.0,0.0,0.0,0.0,0.0,0.0,0.0,0.0,0.0,0.0,0.0,0.0,0.0,0.0,0.0,0.0,0.0,0.0,0.0,0.0,0.0,0.0,0.0,0.0,0.0,0.0,0.0,0.0,0.0,0.0,0.0,0.0,0.0,0.0,0.0,0.0,0.0,0.0,0.0,0.0,0.0,0.0,0.0,0.0,0.0,0.0,0.0,0.0,0.0120555347337195,0.0,0.0,0.0,0.0,0.0023937136164722,0.0,0.0011520193128591,0.0,0.0,0.0,0.0,0.0,0.0,0.0,0.0,0.0,5.62296055035873e-05,0.0,0.0,0.0,0.0018671049043276,0.0,0.0,0.0,0.0,0.0,0.0,0.0,0.0,0.0,0.0,0.0,0.0,0.0,0.0,0.0,0.0,0.0,0.0,0.0,5.18501990851783e-05,0.0,0.0,0.0,0.0,0.0014554030199381,0.0,0.0,0.0,0.0,3.93811801191811e-06,0.0,0.0,0.0,3.15257702546708e-06,0.0,0.0,0.0,0.0,0.0,0.0,0.0,0.0,0.0,0.0,0.0,0.0,0.0,0.0,0.0,0.0,0.0,0.0,0.0,0.0,0.0002053790993042,0.0,0.0,0.0,0.0,0.0,0.0,0.0,0.0,0.0,0.0,0.0,0.0,0.0,0.0,0.0,0.0,0.0,0.0,0.0,0.0,0.0,0.0,0.0,0.0,0.0,0.0,0.0,0.0,0.0,0.0,0.0,0.0,0.0,0.0,0.0,0.0,0.0,0.0,0.0,0.0,0.0,0.0,0.0,0.0,0.0,0.0,0.0,0.0,0.0,0.0,0.0,0.0,0.0,0.0,0.0,0.0,0.0,0.0,0.0,0.0,0.0,0.0,0.0,0.0,0.0,0.0,0.0,0.0,0.0,0.0,0.0,0.0,0.0,0.0,0.0,0.0,0.0,0.0,0.0,0.0,0.0,0.0,0.0,0.0,0.0,0.0,0.0,0.0,0.0,0.0,0.0,0.0,0.0
Olsenella_sp_KGMB02461,0.0,0.0,0.0,0.0,3.68041342628304e-06,0.0,0.0,0.0,0.0,0.0,0.0,7.29313526494793e-05,0.0,0.0,0.0,0.0,0.0,0.0,0.0,0.0,0.0,0.0,0.0,0.0,0.0,0.0,0.0,0.0,0.0,0.0,0.0,0.0,0.0,0.0,0.0,0.0,0.0,0.0005309161452366,0.0,0.0,0.0,0.0,0.0,0.0,0.0,0.0,0.0,0.0,0.0018701385325941,0.0,0.0,0.0,0.0,0.0,0.0,0.0,0.0,0.0,0.0,0.0,0.0004697357227487,0.0,0.0,0.0,0.0,0.0,0.0,0.0,0.0,0.0,0.0,0.0,0.0,0.0,0.0,0.0,0.0,0.0,0.0,0.0,0.0,0.0,0.0,0.0,0.0,0.0,0.0,0.0,0.0,0.0,0.0,0.0,0.0,0.0,0.0,0.0,0.0,0.0,0.0,0.0,0.0,0.0,0.0,0.0,0.0,0.0,0.0,0.0,0.0,0.0,0.0,0.0,0.0,0.0,0.0,0.0,0.0,0.0,0.0,0.0,0.0,0.0,0.0,0.0,0.0,0.0,0.0,0.0,0.0,0.0,0.0,0.0,0.0,0.0,0.0,0.0,0.0,0.0,0.0,0.0,0.0,0.0,0.0,0.0,0.0,0.0,0.0,0.0,0.0,0.0,0.0,0.0,0.0,0.0,0.0,0.0,0.0,0.0,0.0,0.0,0.0,0.0,0.0,0.0,0.0,0.0,0.0,0.0,0.0,0.0,0.0,0.0,0.0,0.0,0.0,0.0,0.0,0.0,0.0,0.0,0.0,0.0,0.0,0.0,0.0,0.0,0.0,0.0,0.0,0.0,0.0,0.0,0.0,0.0,0.0,0.0,0.0,0.0,0.0,0.0,0.0,0.0,0.0,0.0,0.0,0.0,0.0,0.0,0.0,0.0,0.0,0.0,0.0,0.0,0.0,0.0,0.0,0.0,0.0,0.0,0.0,0.0,0.0,0.0,0.0,0.0,0.0,0.0,0.0,0.0,0.0,0.0,0.0,0.0,0.0,0.0,0.0,0.0,0.0,0.0,0.0,0.0,0.0,0.0,0.0,0.0,0.0,5.67988393055676e-05,0.0,0.0,0.0,0.0,0.0,0.0,0.0,0.0,0.0,0.0,1.03377650467084e-05,0.0,0.0,0.0018216342953498,0.0,0.0,0.0,0.0009332845224908,0.0,0.0,0.0,0.0
Parabacteroides_merdae,0.0,0.0,0.0,0.0,0.0,0.0,6.20932775446048e-05,0.0,0.0,0.0,0.0,0.001099860384851,0.0003872932974274,0.0,0.0,0.0005865234128766,0.0,0.0004412324885329,0.0003520437203376,0.0,0.0,0.002789327778662,0.0,0.0,0.0,0.0007976896777324,0.0,0.0,0.0,0.0,0.0,0.0,0.0,0.0,0.0,3.31625748801773e-05,0.0,0.0004934122367181,0.0001569967693342,0.0005568745858317,8.27099666311357e-06,0.0,0.0085042434879856,0.0002222847112568,0.0,0.0,0.0,0.0,0.0,0.00029076024602,0.0007663829858381,0.0,0.0007776789321619,0.0002704790949481,0.0017724085112987,0.0,0.0,0.0,0.0012189993722686,0.0,0.0,0.0,0.0001696771639959,0.0,0.0013933582953592,0.0005979988946243,0.0,0.0,0.0,0.0,6.59197142542397e-05,0.0,0.0,0.0001191300741296,0.0,0.0002852554980782,0.0004131242712549,0.0,0.0,0.0,0.0,0.0,0.0,0.0,0.0,0.0,0.0,0.0,0.0033059819890595,0.0,0.0001580768348763,0.0,0.0,0.0,6.23338982400608e-05,4.93440307802205e-05,0.0002963518581917,0.0,0.0,0.0,0.0,0.0001075183229916,0.0,0.0,0.0,0.0,0.0,0.0,0.0010893329673677,0.0,0.0,0.0,0.0042515580285528,0.0,0.0,0.0,0.0,0.0,0.0032380309585866,0.0,0.0,0.0,0.0008897941126773,0.0,0.0,0.0,0.0,0.0,0.0002305023926457,0.0,0.0,0.0,0.0,0.0,0.0,0.000381725031679,0.0028844373279299,0.0025788991538413,0.0,0.0012599500803913,0.0,0.0,0.0,0.0,0.0,0.0,0.0,0.0,0.0,0.0,0.0,1.2093719618289e-05,0.0004725306302587,0.0,0.0004077301637578,0.0,0.0,0.0,0.0,0.0,0.0,0.0,0.0002000828390798,0.0,0.0,0.0022448631515694,0.0,0.0002020988883887,0.000371242428616,0.0,0.0005146996087705,0.0006482471125501,0.0,0.0,0.0,0.0,0.0,0.0,0.0,8.97979453908292e-05,0.0,0.0,0.0,0.0,0.0,0.0,0.0,0.0035475660361457,0.0,0.0005736260798919,0.0,0.0,0.0004306591088834,0.0,0.0011373435100594,0.0,0.0,0.0,0.0,0.0,0.0,0.0006717990107381,0.0,0.0,0.0,0.0,0.0,0.0014394869428208,7.17103548839773e-05,0.0,0.0,0.0,0.0,0.0001510143476808,0.0053665997279726,0.0021420505726131,0.0002190266155819,0.0,0.0003547477675101,0.0,0.0,0.0,0.0,0.0,0.0,0.0,0.0,0.0,0.0005231504798783,0.0,0.0,7.27794215860886e-05,0.0,0.0017797393114376,0.0,0.0,0.0,0.0,0.0,0.0002556034968892,0.0002233848205776,0.0,0.0,0.0,0.0003179110881532,0.000272361149129,0.0,0.0,0.0015279527692054,0.0,0.000397484689071,5.75349813787147e-05,0.0,0.0,9.7890390753506e-05,0.0,0.0,0.0,0.0,0.0003893219136947,0.0,0.0,0.0,0.0029682003469934,0.0,0.0,0.0,0.0,0.0034759489644664,0.0
Roseburia_inulinivorans,0.0,0.0,0.0,0.0,0.0,0.0,0.0,0.0,0.0,0.0,0.0,0.0,0.0,0.0,0.0,0.0,0.0,0.0,0.0,0.0,0.0,0.0,0.0,0.0,0.0,0.0,0.0,0.0,0.0,0.0,0.0,0.0,0.0,0.0,0.0,0.0,0.0,0.0,0.0,0.0,0.0,0.0,0.0,0.0,0.0,0.0,0.0,0.0,0.0,0.0,0.0,0.0,0.0,0.0,0.0,0.0,0.0,0.0,0.0,0.0,0.0,0.0,0.0,0.0,0.0,0.0,0.0,0.0,0.0,0.0,0.0,0.0,0.0,0.0,0.0,9.5309007664811e-05,0.0,0.0,6.69738971261561e-06,0.0,0.0002876042557426,0.0,0.0,0.0023821667542286,0.0,0.0003796742648413,0.0,0.0,0.0,0.0,0.0001524749654124,0.0,0.0,0.0003617500504836,0.005470624285518,0.000799819521988,0.009881061271142,0.0,0.0,0.0,0.0,0.0,0.0,0.0018738192086235,0.0,0.0,0.003137473171275,0.0,1.54466498491545e-05,0.0,0.0,3.29789214161419e-05,5.73893341284634e-05,0.0,0.0004951301488256,0.0,0.0,0.0,0.0,0.0,0.0,0.0,0.0,0.0,0.0194914150070429,0.0001475247393226,0.0,0.0,0.0003508654092346,1.49953192012544e-05,0.0001003537521218,0.0005730327147792,0.0,0.0005582948235955,0.0,0.0026837917992314,0.0001965133251544,0.000548529653766,2.32958520662298e-06,0.0008558321648071,0.0,0.0,0.0127928033214164,0.0,0.0021333848183769,0.0,0.0,0.0,0.0005087029482298,0.0,0.0011362335384735,0.00010121053123,0.0005947436111761,0.0,0.0,0.0,0.0002691319138222,0.0,0.0,0.002474494528691,0.0093363658198455,2.81227629472806e-05,0.0,6.57913815062611e-06,0.0,0.0,0.0007980853185294,0.000136443259033,0.0,0.0,0.0,0.0070619903936115,0.0003208650355525,0.0,0.0004656268157443,0.0,0.0001209690898998,0.0,0.0,2.02661845239261e-05,0.0,0.0,0.0,0.0004353340647071,0.0,0.0001144370442874,0.0011725104249765,0.0,0.0,0.0004358960452545,7.62816876265562e-05,0.0007746184568989,0.0017074525043158,0.0,0.0,0.0,0.000313393367156,0.0003933443784823,0.0,0.0,0.0,0.0089311919928792,0.0,0.0,0.0,2.90451362525916e-06,0.0,0.0,0.0,0.0,0.0010811315392292,0.0002899760671151,0.0,0.0,0.0020256164557405,0.0006423780820123,0.0,0.0003258460499054,0.0,0.0006445264584764,0.0,0.0,0.0,0.0028673006704116,0.0,0.0,0.0,0.0,0.0019904551714513,0.0,0.0,0.000305393682026,2.66561888590255e-05,0.0016824036917433,3.6709419383445e-05,0.0,0.001804887107949,0.0007669034262925,0.0009251791842683,0.0,0.0,0.0,0.0,0.0,0.0,0.0,0.0,0.0,0.0,0.0,0.0,0.0,0.0,0.0,0.0,0.0,0.0,0.0,0.0,0.0,0.0,0.0,0.0,0.0,0.0,0.0,0.0,0.0,0.0,0.0
Ruminococcus_bicirculans,0.0016015825079596,0.0,0.0,0.0046377301196219,4.77130848212993e-05,0.0,1.17106911219822e-05,0.0027293118274587,0.0,0.0,0.0,0.0002658469686664,0.000236649156131,0.0,0.0,0.0,8.39495617295536e-05,1.3749577094847e-05,0.0007922120744704,0.0,0.0010751301907746,0.0,0.0,5.44962151178097e-05,0.0,0.0,0.0,0.0,0.0006798164472505,0.0,0.0,0.0,0.0,0.0002207512132375,0.0,0.0040486881187351,0.0,0.0,0.0,0.0044207551557441,0.0008873452278555,0.0046159964076868,0.0010154406775028,0.0020194194615798,0.0,5.68779676639427e-05,0.0011403901882606,0.0,0.0001771953669638,0.0,0.0,0.0007499335351162,0.0,0.0,4.53504266566259e-07,0.0,0.0,1.68211736703806e-05,0.0,0.0,0.0,0.0,0.0,0.0,0.0002198923065922,7.50061877945679e-06,0.000578517240391,0.0,0.0,0.0,0.0,0.0,0.0021114373692515,0.0,0.0,0.0,0.0,0.0,0.0,0.0,0.0,0.0,0.0,0.0,0.0,0.0,0.0,0.0,0.0,0.0,0.0,0.0,0.0,0.0,0.0,0.0,0.0,0.0,0.0,0.0,0.0,0.0,0.0,0.0,0.0,0.0,0.0,0.0,0.0,0.0,0.0,0.0,0.0,0.0,0.0,0.0,0.0,0.0,0.0,0.0,0.0,0.0,0.0,0.0,0.0,0.0,0.0,0.0,0.0,0.0,0.0,0.0,0.0,0.0,0.0,0.0,0.0,0.0,0.0,0.0,0.0,0.0,0.0,0.0,0.0,0.0,0.0,0.0,0.0,0.0,0.0,0.0,0.0,0.0,0.0,0.0,0.0,0.0,0.0,0.0,0.0,0.0,0.0,0.0,0.0,0.0,0.0,0.0,0.0,0.0,0.0,0.0,0.0,0.0,0.0,0.0,0.0,0.0,0.0,0.0,0.0,0.0,0.0,0.0,0.0,0.0,0.0,0.0,0.0,0.0,0.0,0.0,0.0,0.0,0.0,0.0,0.0,0.0,0.0,0.0,0.0,0.0,0.0,0.0,0.0,0.0,0.0,0.0,0.0,0.0,0.0,0.0,0.0,0.0,0.0,0.0,0.0,0.0,0.0,0.0,0.0,0.0,0.0,0.0,0.0,0.0,0.0,0.0,0.0,0.0,0.0,0.0,0.0,0.0,0.0,0.0,0.0,0.0,0.0,0.0005410231799815,0.0003102705920755,0.0,0.0025209231112832,2.76530168445296e-05,0.0032497745134092,0.0,0.0,0.0,0.0,0.0,0.0,0.0,0.000103845050087,0.0001171853232295,0.0,0.0,0.0,0.0,0.0,0.0,0.0,0.0002967881761523,0.0,0.0,0.0001880913885957,0.0,0.0,0.0,0.0,0.0
Ruminococcus_torques,0.0,0.0,0.0,0.0,0.0,0.0,0.0,0.0,0.0,0.0,0.0,0.0,0.0,0.0,0.0,0.0,0.0,0.0,0.0,0.0,0.0,0.0,0.0,0.0,0.0,0.0,0.0,0.0,0.0,0.0,0.0,0.0,0.0,0.0,0.0,0.0,0.0,0.0,0.0,0.0,0.0,0.0,0.0,0.0,0.0,0.0,0.0,0.0,0.0,0.0,0.0,0.0,0.0,0.0,0.0,0.0,0.0,0.0,0.0,0.0,0.0,0.0,0.0,0.0,0.0,0.0,0.0,0.0,0.0,0.0,0.0,0.0,0.0,0.0,0.0,0.000995549470353,0.0,0.0,0.0,0.0,0.0,0.0,5.07907542510251e-05,0.0,0.0,0.0,0.0,0.0,0.0,0.0,0.0023671256214945,0.0,0.0,0.0,0.0,5.34469966170466e-05,0.0,0.0,0.0,0.0,0.0,0.0,0.0,0.0,0.0,0.0,0.0,0.0,0.0,0.0,0.0,0.0,0.0007328742919252,0.0,0.0,0.0,0.0,0.0,0.0,0.0,0.0,0.0,0.0,0.0,0.0,0.0,3.62473000540398e-05,0.0,0.0003340333764667,0.0001945736258837,0.0,0.0,0.0,0.0,0.0001406752452148,8.08752733549576e-06,0.0,0.0,0.0,0.0001508757571504,0.0,0.0,0.0036599855532169,0.0,0.0,0.0,0.0,0.0,0.0,0.0,0.0,0.0,0.0,0.0,0.0,0.0,0.0002511532140205,0.0017115762552261,0.0,0.0,0.0,0.0001840859637571,0.0049743998161212,0.0018185875919533,0.0,0.0,8.33623229901166e-05,0.0007377289405453,0.0,0.0,0.0,0.0004438614149752,6.33670442427717e-05,0.0,0.0001725418939346,0.0,0.0001533428111538,0.0,0.0,0.0,0.0023874936573941,0.0,0.0,0.0001599539035278,0.0,0.0014894819874514,0.0033242205652385,0.0,0.0,5.97593651158665e-05,2.10938354089116e-05,0.0,0.0049557294905574,0.0,0.0,0.0,0.0002923379350251,0.000998328294927,0.0,0.0,0.0030247819784956,0.0,0.0,0.0,0.0,0.0091816957535764,0.0,0.0,0.0010103188898358,0.0,0.0,0.0,0.0,0.0,0.0,5.37949777885391e-05,0.0,0.0,0.0,0.0,0.0,0.0,0.0,0.0007291565204802,0.0,0.0,0.0,0.0021323692644458,0.0018359718293911,0.0,0.0,0.0,0.0,0.0004656599100212,0.0020542868093736,0.0,0.005416559492493,0.0,0.0082665649978671,0.0,0.0,0.0,0.0,0.0,0.0,0.0,0.0,0.0,0.0,0.0,0.0,0.0,0.0,0.0,0.0,0.0,0.0,0.0,0.0,0.0,0.0,0.0,0.0,0.0,0.0,0.0,0.0,0.0,0.0,0.0
Slackia_isoflavoniconvertens,0.0,0.0,0.0,0.0,0.0,0.0,0.0001642063365848,0.0,0.0,0.0,0.0,0.0,0.0,0.0,0.0,0.0,0.0,0.0,0.0,0.0,0.0,0.0,0.0,0.0,0.0,0.0,0.0,0.0,0.0,0.0,0.0,0.0002195612719106,0.0,0.0,0.0,0.0,0.0,0.0,0.0,0.0,0.0001269064922446,0.0003393828442199,0.0,0.0,0.0,0.0,0.0,0.0,0.0,0.0,0.0001998680135984,0.0,0.0,0.0,0.0,0.0,0.0,0.0,3.42838684995613e-05,0.0,0.0,0.0,1.95636490010516e-05,0.0,0.0,0.0,0.0,0.0,0.0,0.0,0.0,0.0,0.0,0.0,0.0,0.0005597110631485,0.0,0.0,0.0,0.0,0.0,0.0,0.0,0.0,0.0,0.0,0.0,0.0,0.0,0.0,0.0,0.0,0.0,0.0,0.0,0.0,0.0,0.0,0.0,0.0,0.0,0.0041176045947479,0.0,0.0,0.0,7.09897772684076e-06,0.0,5.01988907270783e-06,0.0,0.0,0.0,0.0,0.0,0.0,0.0,0.0,0.0,0.0,0.0,0.0,0.0,0.0,0.0,0.0,0.0,0.0,0.0,0.0,0.0054352207387629,7.40205212679849e-06,0.0,0.0,0.0,0.0,0.0,0.0,0.0,0.0,0.0,0.0,0.0,0.0,0.0,0.0,0.0,0.0,0.0,0.0,0.0,0.0,0.0,0.0,0.0001262417371478,7.8327315861467e-07,0.0,0.0,0.0,0.0,0.0,0.0,0.0,0.0,0.0050249084307141,0.0,0.0,0.0,0.0,0.0,0.0,0.0,0.0,0.0,0.0,0.0,0.0,0.0,0.0,0.0,0.0,0.0,0.0,0.0,0.0,0.0,0.0,0.0,0.0,0.0,0.0,0.0,0.0,0.0,0.0,0.0,0.0,0.0,0.0,0.0,0.0,0.0,0.0,0.0,0.0,0.0,0.0,0.0,0.0,0.0,0.0,0.0,0.0,0.0,0.0,0.0,0.0019125567294642,0.0,0.0,0.0,0.0,0.0,0.0,0.0,0.0,0.0,0.0,0.0,0.0,0.0,9.51704676873358e-06,0.0,0.0,0.0,0.0,0.0,0.0,0.0,0.0,0.0,0.0,0.0,0.0,0.0,0.0,0.0,0.0,0.0,0.0,0.0,0.0,0.0,0.0,0.0,0.0,0.0,0.0001108589371483,0.0,0.0,0.0,0.0,0.0,0.0,0.0,0.0,0.0,0.0,0.0,0.0,0.0,0.0,0.0
Staphylococcus_SGB6340,0.0,0.0,0.0,0.0,0.0,0.0,0.0,0.0,0.0,0.0,0.0,0.0,0.0,0.0,0.0,0.0,0.0007825964442659,0.0,0.0,0.0,0.0,0.0,0.0,4.44716649063775e-05,0.0,0.0,0.0,0.0,0.0,0.0,0.0,0.0,0.0,0.0,0.0,0.0,0.0,0.0,0.0,0.0,0.0,0.0,0.0,0.0,0.0,0.0,0.0,0.0,0.0,0.0,0.0,0.0,0.0,0.0,2.00564303212453e-05,0.0,0.0,0.0,0.0,0.0,0.0,0.0,0.0,0.0,0.0,0.0007962031701798,0.0,0.0,0.0,0.0,0.0,0.0,0.0,0.0,0.0,0.0,0.0,0.0,0.0,0.0,0.0,0.0,0.0,0.0,0.0,0.0,0.0,0.0,0.0,0.0,0.0,0.0,0.0,0.0,0.0,0.0,0.0,0.0,0.0,0.0,0.0,0.0,0.0,0.0,0.0,0.0,0.0,0.0,0.0,0.0,0.0,0.0,0.0,0.0,0.0,0.0,0.0,0.0,0.0,0.0,0.0,0.0,0.0,0.0,0.0,0.0,0.0,0.0,0.0,0.0,0.0,0.0,0.0,0.0,0.0,0.0,0.0,0.0,0.0,0.0,0.0,0.0,0.0,0.0,0.0,0.0,0.0,0.0,0.0,0.0,0.0,0.0,0.0,0.0,0.0,0.0,0.0,0.0,0.0,0.0,0.0,0.0,0.0,0.0,0.0,0.0,0.0,0.0,0.0,0.0,0.0,0.0,0.0,0.0,0.0,0.0,0.0,0.0,0.0,0.0,0.0,0.0,0.0,0.0,0.0,0.0,0.0,0.0,0.0,0.0,0.0,0.0,0.0,0.0,0.0,0.0,0.0,0.0,0.0,0.0,0.0,0.0,0.0,0.0,0.0,0.0,0.0,0.0,0.0,0.0,0.0,0.0,0.0,0.0,0.0,0.0,0.0,0.0,0.0,0.0,0.0,0.0,0.0,0.0,0.0,0.0,0.0,0.0,0.0,0.0,0.0,0.0,0.0,0.0,0.0,0.0,0.0,0.0,0.0,0.0,0.0,0.0,0.0,0.0,0.000189662980455,0.0,0.0,0.0,0.0,0.0,0.0,0.0,0.0,0.0,0.0,0.0,0.0,0.0,0.0,0.0,0.0,0.0,0.0,0.0,0.0,0.0,0.0,0.0,0.0,0.0
Streptococcus_vestibularis,0.0,5.91503544417513e-05,2.4480911074526297e-05,3.55824248210565e-05,1.99773970082357e-05,0.0,5.16012989632732e-06,0.0,0.0,8.920875064200631e-05,0.0,0.0,0.0,0.0,1.152791281626045e-05,0.0,0.0,7.591064769548421e-05,1.76000920581008e-05,2.527210643752085e-05,0.0,0.0,1.17211502130322e-05,1.2888432391169601e-05,0.0,0.0,4.6134305545755854e-05,6.904175385866655e-05,1.6464879760183652e-05,0.0,0.0,4.81567614507364e-05,0.0,0.0,0.0,6.90778916104075e-05,0.0,0.0,3.324859762145595e-06,6.998827199144085e-05,0.0,6.64044946710293e-06,0.0,0.0,0.0,0.0,0.0,0.0,0.0,0.0,4.026402122766e-05,1.3728707295175751e-05,0.0,0.0,1.132201206939225e-05,5.088613112404455e-06,0.0,8.23151149054693e-06,0.0,0.0001845297700776,0.0,0.00020308839930385,0.0036100064004655503,0.0,3.373772075970335e-05,5.3983377765737855e-06,2.699999007368745e-06,0.0,0.0,3.599093125626145e-06,3.26776571122288e-05,0.0,5.6495856099532404e-05,2.001241657579305e-05,3.675578368415345e-05,3.135056377578965e-05,0.0,8.863125388535e-05,0.0,0.0,1.08626645450378e-05,0.0,0.0,0.00010696053365935,1.6813735305161e-05,0.0,4.44285991853851e-06,0.0,0.0,0.0,5.69922689189e-05,2.29364066159683e-06,0.0,0.0,0.0,0.0,0.0,1.864315637766495e-06,0.0,8.30986795825595e-06,1.730822144365435e-05,1.34621706071019e-06,0.0,0.0,0.0,6.5469758367527e-06,0.0,4.200287146782165e-06,0.0,1.035968973938595e-05,5.6259069961518e-06,4.34559540427198e-05,0.0,9.5844122906083e-06,0.0,2.011276634499815e-05,7.7788085320117e-06,0.0,0.0,1.003013123625735e-05,0.0,0.0,1.99275760410563e-05,0.0,0.0,3.567718049187955e-06,0.0,6.879582438988e-06,0.0,1.172819126808515e-05,6.201024955465e-05,1.89751925270563e-06,0.0,0.0,2.25712629886476e-06,0.0,0.0,0.0,0.0,0.0,0.0,9.32497364855045e-06,2.194268138884495e-05,0.0,0.0,0.0,0.0,0.0,2.56668402832148e-06,0.0,0.0,0.0,0.0,5.9217817772967e-06,0.0021417012266143,0.0,0.0,0.0,0.0,4.76788143215029e-06,0.0,0.0003585557351947,3.24984329210648e-06,0.0,0.0,0.0,0.0,2.048651591698375e-06,3.040371232986845e-05,0.0,0.0,0.0,0.0,0.0,0.0,0.0,0.0001428845768505,0.0,3.49376688390047e-06,0.0,0.0,2.4192463707253e-05,3.68809637132154e-06,0.00012425617730495,2.28378866047596e-06,0.0,0.0,0.0,0.0,0.0,3.442073179562995e-05,1.92564387588233e-06,0.0,0.0007246465902505,2.71944462318501e-05,0.0,0.0,0.0,0.0,0.0,0.0,1.02637815282022e-05,0.0,8.3525878880541e-06,0.0,3.39067342864619e-05,0.0,0.0,0.0,0.0,1.358496205007865e-05,0.0,0.0,0.0,0.0,3.52661098436253e-06,5.8959994224e-05,3.515112861560005e-05,0.0,0.0,0.0,0.0,0.0,0.0,6.91201891605e-05,1.30491073890702e-05,0.0,0.0,0.00125119791255375,2.1318846809607e-05,1.13332694892009e-05,5.26942230716e-05,5.66260878659e-05,0.0,0.0,0.0,0.0,0.0,0.000130632551319,0.0,0.0,1.93260310221281e-05,0.0,0.0,0.00017867623825405002,0.0,6.81392849109892e-06,0.00019530196535060001,0.0,5.797705733507265e-06,0.0,0.0,0.0,2.70619931375684e-06,0.0,3.06620438229717e-06,0.0,7.9735932793719e-05,0.0,0.0,0.0,0.0,9.348826821198436e-05,1.21844151055097e-05,0.0,0.0,0.0003056047821374,0.0,0.0,0.0
